<?xml version="1.0" encoding="UTF-8"?>
<!DOCTYPE oferta SYSTEM "pelis.dtd">
 <?xml-stylesheet   type="text/css"  href="pelis.css"?> 


<fondo>
  <oferta>
    <pelis id="1">
      <nombre_pelis>La Habitacion</nombre_pelis>
      <director>Director: Lenny Abrahamson</director>
      <nacionalidad>Nacionalidad: EEUU</nacionalidad>
      <fecha>Fecha: 4 de septiembre de 2015</fecha>
      <protagonistas>Protagonistas: Brie Larson, Jacob Tremblay</protagonistas>
      <portada imagen="1"></portada>
  </pelis>

    <pelis id="2">

      <nombre_pelis>El JOker </nombre_pelis>
      <director>Director: Todd Phillips</director>
      <nacionalidad>Nacionalidad: EEUU</nacionalidad>
      <fecha>Fecha: 4 de octubre de 2019 </fecha>
      <protagonistas>Protagonistas: Joaquin Phoenix</protagonistas>
      <portada imagen="2"></portada>
    </pelis>

    <pelis id="3">
      <nombre_pelis>KIKA</nombre_pelis>
      <director>Director: Pedro Almodóvar</director>
      <nacionalidad>Nacionalidad: Española</nacionalidad>
      <fecha>Fecha: 29 de octubre de 1993</fecha>
      <protagonistas>Protagonistas: Verónica Forqué, Victoria Abril y Rossy de Palma</protagonistas>
      <portada imagen="3"></portada>
    </pelis>

    <pelis id="4">
      <nombre_pelis>Blade Runner</nombre_pelis>
      <director>Director: Ridley Scott</director>
      <nacionalidad>Nacionalidad: EEUU</nacionalidad>
      <fecha>Fecha: 21 de agosto de 1982</fecha>
      <protagonistas>Protagonistas: Harrison Ford, Rutger Hauer</protagonistas>
      <portada imagen="4"></portada>

    </pelis>

    <pelis id="5">
      <nombre_pelis>Superman: la película</nombre_pelis>
      <director>Director: Richard Donner</director>
      <nacionalidad>Nacionalidad: EEUU</nacionalidad>
      <fecha>Fecha: 8 de febrero de 1979</fecha>
      <protagonistas>Protagonistas: Christopher Reeve</protagonistas>
      <portada imagen="5"></portada>

    </pelis>

    <pelis id="6">
      <nombre_pelis>Gemini Man</nombre_pelis>
      <director>Director: Ang Lee</director>
      <nacionalidad>Nacionalidad: EEUU</nacionalidad>
      <fecha>Fecha: 11 de octubre de 2019 </fecha>
      <protagonistas>Protagonistas: Will Smith, Mary Elizabeth Winstead</protagonistas>
      <portada imagen="6"></portada>

    </pelis>
    
 
  </oferta>
</fondo>